index,molecule_chembl_id,canonical_smiles,standard_value,bioactivity_class
0,CHEMBL1087626,FC(F)(F)c1cccc(Nc2nc(-c3ccc(Cl)cc3)cs2)c1,8300.0,intermediate
1,CHEMBL1076555,Oc1ccc(Nc2nc(-c3ccc(Cl)cc3)cs2)cc1,70.0,active
2,CHEMBL1080890,Nc1ccc(Nc2nc(-c3ccc(Cl)cc3)cs2)cc1,80.0,active
3,CHEMBL1080392,CC(=O)Nc1ccc(Nc2nc(-c3ccc(Cl)cc3)cs2)cc1,10000.0,intermediate
4,CHEMBL1076549,NC(=O)c1ccc(Nc2nc(-c3ccc(Cl)cc3)cs2)cc1,20000.0,inactive
5,CHEMBL562493,Oc1ccc(Nc2nc(-c3ccccc3)cs2)cc1,190.0,active
6,CHEMBL1081262,Oc1ccc(Nc2nc(-c3cccs3)cs2)cc1,110.0,active
7,CHEMBL579212,Oc1ccc(Nc2nc(-c3ccccn3)cs2)cc1,230.0,active
8,CHEMBL373909,Oc1ccc(Nc2nc(-c3cccnc3)cs2)cc1,300.0,active
9,CHEMBL565257,Oc1ccc(Nc2nc(-c3ccncc3)cs2)cc1,290.0,active
10,CHEMBL1076559,Oc1ccc(Nc2nc(-c3ccc4ccccc4c3)cs2)cc1,1300.0,intermediate
11,CHEMBL1081276,Oc1ccc(Nc2nc(-c3ccccc3F)cs2)cc1,360.0,active
12,CHEMBL1081115,COc1ccccc1-c1csc(Nc2ccc(O)cc2)n1,670.0,active
13,CHEMBL1081116,Oc1ccc(Nc2nc(-c3ccccc3C(F)(F)F)cs2)cc1,2700.0,intermediate
14,CHEMBL1081463,O=[N+]([O-])c1cccc(-c2csc(Nc3ccc(O)cc3)n2)c1,760.0,active
15,CHEMBL1081626,Oc1ccc(Nc2nc(-c3cccc(O)c3)cs2)cc1,120.0,active
16,CHEMBL1081627,N#Cc1ccc(-c2csc(Nc3ccc(O)cc3)n2)cc1,180.0,active
17,CHEMBL1081480,COc1ccc(-c2csc(Nc3ccc(O)cc3)n2)cc1,2000.0,intermediate
18,CHEMBL1081482,Oc1ccc(Nc2nc(-c3ccc(Cl)c(Cl)c3)cs2)cc1,430.0,active
19,CHEMBL1076570,Oc1ccc(Nc2ncc(-c3ccccc3)o2)cc1,91.0,active
20,CHEMBL1081994,COc1ccccc1-c1cnc(Nc2ccc(O)cc2)o1,120.0,active
21,CHEMBL1082173,Oc1ccc(Nc2ncc(-c3cccc(Cl)c3)o2)cc1,140.0,active
22,CHEMBL1082174,COc1cccc(-c2cnc(Nc3ccc(O)cc3)o2)c1,170.0,active
23,CHEMBL1082175,O=C(O)c1cccc(-c2cnc(Nc3ccc(O)cc3)o2)c1,190.0,active
24,CHEMBL1076585,Oc1ccc(Nc2ncc(-c3ccc(Cl)cc3)o2)cc1,330.0,active
25,CHEMBL1082184,Oc1ccc(Nc2ncc(-c3ccc(N4CCOCC4)cc3)o2)cc1,130.0,active
26,CHEMBL1082029,CCN(CC)c1ccc(-c2cnc(Nc3ccc(O)cc3)o2)cc1,230.0,active
27,CHEMBL1318338,CCOC(=O)/C(C#N)=C/c1c2ccccc2cc2ccccc12,50000.0,inactive
28,CHEMBL1446122,CCOc1ccc(-c2csc(Nc3ccc(C#N)cc3)n2)cc1,50000.0,inactive
29,CHEMBL1355382,CCOC(=O)/C(C#N)=C/c1ccc(F)cc1[N+](=O)[O-],50000.0,inactive
30,CHEMBL1593304,N#Cc1ccc(Nc2nc(-c3ccc(C#N)cc3)cs2)cc1,50000.0,inactive
31,CHEMBL1434737,N#C/C=C/c1ccccc1Nc1ccc(S(N)(=O)=O)cc1,50000.0,inactive
32,CHEMBL1484797,CCOC(=O)/C(C#N)=C/c1ccc([N+](=O)[O-])cc1,50000.0,inactive
33,CHEMBL1373154,Cc1cc(-c2csc(Nc3ccc(C#N)cc3)n2)c(C)n1CCc1ccccc1,50000.0,inactive
34,CHEMBL1364907,Cc1cc(-c2csc(Nc3ccc(C#N)cc3)n2)c(C)n1Cc1ccccc1,50000.0,inactive
35,CHEMBL1593230,N#Cc1ccc(Nc2nc(-c3ccc(O)cc3O)cs2)cc1,4713.0,intermediate
36,CHEMBL1362311,CCOC(=O)/C(C#N)=C/c1sc2ccccc2c1-c1ccccc1,50000.0,inactive
37,CHEMBL1515723,CCOC(=O)/C(C#N)=C/c1c[nH]c2ccc(C#N)cc12,50000.0,inactive
38,CHEMBL1476178,N#Cc1ccc(Nc2nc(-c3cccc(Br)c3)cs2)cc1,50000.0,inactive
39,CHEMBL1314351,Cc1cc(-c2csc(Nc3ccc(C#N)cc3)n2)c(C)n1C,50000.0,inactive
40,CHEMBL1356663,N#CC(C#N)=Cc1c2ccccc2cc2ccccc12,50000.0,inactive
41,CHEMBL1434053,CCOC(=O)/C(C#N)=C/c1ccc(C#N)cc1,50000.0,inactive
42,CHEMBL1490267,N#Cc1ccc(Nc2nc(-c3ccc(O)cc3O)cs2)cc1C(F)(F)F,13490.0,inactive
43,CHEMBL1516388,CC(=O)O.Cc1cc2c(C(C)C)c(O)c(O)c(C=O)c2c(O)c1-c1c(C)cc2c(C(C)C)c(O)c(O)c(C=O)c2c1O,5386.0,intermediate
44,CHEMBL1418796,CC(=O)Oc1cc2c3c(c1)/C(=C1/SC(=S)NC1=O)C(=O)N3C(C)(C)C=C2C,50000.0,inactive
45,CHEMBL239103,NS(=O)(=O)c1ccc(Nc2nc(-c3ccc(O)cc3O)cs2)cc1,24160.0,inactive
46,CHEMBL1399109,O=C(CCl)Nc1nc(-c2ccco2)c(-c2ccco2)s1,50000.0,inactive
47,CHEMBL1458321,O=C(NC1(O)C(=O)c2ccccc2C1=O)c1c(Cl)cccc1Cl,50000.0,inactive
48,CHEMBL1329974,O=C(O)CSc1cc(NS(=O)(=O)c2cccc([N+](=O)[O-])c2)c2ccccc2c1O,50000.0,inactive
49,CHEMBL1575869,CCCCn1c(NC(=O)c2ccccc2Cl)c(C#N)c2nc3ccccc3nc21,50000.0,inactive
50,CHEMBL3193664,Oc1ccc(/C=N/Nc2ccnc3cc(Cl)ccc23)cc1O,36480.0,inactive
51,CHEMBL1989852,COc1ccc2ccccc2c1/C=N/NC(=O)c1sc(N)c(C#N)c1C,2584.0,intermediate
52,CHEMBL1529285,O=C(O)c1ccc(NS(=O)(=O)c2ccc3c(c2)C2C=CCC2C(c2ccccc2F)N3)cc1,19000.0,inactive
53,CHEMBL496,Oc1c(Cl)cc(Cl)c(Cl)c1Cc1c(O)c(Cl)cc(Cl)c1Cl,5488.0,intermediate
54,CHEMBL591404,N=C(N)N/N=C/c1ccc(OCc2ccc(Cl)cc2Cl)cc1,50000.0,inactive
55,CHEMBL1499658,COc1cccc(-n2c(SCc3cc(=O)oc4cc(O)c(O)cc34)nc3ccccc3c2=O)c1,21060.0,inactive
56,CHEMBL2001831,O=C(CCl)c1c[nH]c(/C=N/Nc2ccccc2Cl)c1,50000.0,inactive
57,CHEMBL1302170,O=S(=O)(Nc1cc2nc3ccccc3nc2n1Cc1ccccc1)c1ccc(Cl)cc1,50000.0,inactive
58,CHEMBL463175,CC1CC(=O)c2c(cc3c(-c4c(O)cc(O)c5c(O)c6c(cc45)OC(C)CC6=O)c(O)cc(O)c3c2O)O1,43860.0,inactive
59,CHEMBL1333429,COC(=O)c1ccccc1NC(=S)NC(=O)c1ccccc1C,50000.0,inactive
60,CHEMBL1517,CN(C)[C@@H]1C(O)=C(C(N)=O)C(=O)[C@@]2(O)C(O)=C3C(=O)c4c(O)cccc4[C@@](C)(O)[C@H]3[C@H](O)[C@@H]12,50000.0,inactive
61,CHEMBL1972037,NS(=O)(=O)c1ccc(N/N=C/c2ccc(O)c(O)c2O)c([N+](=O)[O-])c1,50000.0,inactive
62,CHEMBL1303508,O=C1NC(=S)S/C1=C\c1c(-c2ccccc2)[nH]c2ccccc12,50000.0,inactive
63,CHEMBL601757,Cc1nc2c(=O)n(C)c(=O)nc-2n(C)n1,50000.0,inactive
64,CHEMBL1462375,Cc1[nH]c2ccccc2c1C(=O)CCl,50000.0,inactive
65,CHEMBL1362734,CCn1nc([N+](=O)[O-])c(C(C#N)c2nc3cc(C(F)(F)F)ccc3s2)c(Cl)c1=O,50000.0,inactive
66,CHEMBL1362595,CC(C)c1nc2sc3c(S)ncnc3c2c2c1CCC2,42210.0,inactive
67,CHEMBL1424118,Nc1nc(CCl)nc(Nc2ccc3ccccc3c2)n1,50000.0,inactive
68,CHEMBL1606112,O=C(Nc1ccc(F)cc1)C1C(c2ccccc2)C1(Cl)Cl,50000.0,inactive
69,CHEMBL1532953,CCCCn1c(NS(=O)(=O)c2ccc(C)cc2)c(S(=O)(=O)c2ccccc2)c2nc3ccccc3nc21,50000.0,inactive
70,CHEMBL1375922,Fc1ccccc1-c1nc(NCc2ccccc2)c2ccccc2n1,50000.0,inactive
71,CHEMBL2005296,COc1ccc(/C=N/Nc2nnc(-c3ccccc3)c(O)n2)cc1,50000.0,inactive
72,CHEMBL1425538,O=C(O[C@@H]1OC2COC(=O)c3cc(O)c(O)c(O)c3-c3c(cc(O)c(O)c3O)C(=O)O[C@H]([C@@H]2O)[C@H]1O)c1cc(O)c(O)c(O)c1,4195.0,intermediate
73,CHEMBL1306199,N#Cc1c(NC(=O)c2ccccc2Cl)n(Cc2ccccc2)c2nc3ccccc3nc12,50000.0,inactive
74,CHEMBL1306258,Cc1cc(Nc2ccccc2)nc(-c2ccccc2O)n1,50000.0,inactive
75,CHEMBL1306425,[O-][n+]1onc2c1CCc1[nH]c(-c3ccccc3)nc1-2,50000.0,inactive
76,CHEMBL1560833,Cc1n[nH]c(S/C(=C\c2ccc(-c3ccc(C(=O)O)c(Cl)c3)o2)C(=O)O)n1,50000.0,inactive
77,CHEMBL1416392,CSC1=NSC2=NC(=O)/C(=C\c3c(C)[nH]c4ccccc34)C(=N)N12,21670.0,inactive
78,CHEMBL1504948,Cc1[nH]c2ccccc2c1/C=C1/C(=N)N2C(=NC1=O)SN=C2S(=O)(=O)CC(C)C,12330.0,inactive
79,CHEMBL1426692,N#Cc1c(N2CCCCC2)nc(N)c2c(N)nc(SCC(=O)O)cc12,50000.0,inactive
80,CHEMBL1307594,Oc1cc(CCl)nc2nc3ccccc3n12,50000.0,inactive
81,CHEMBL1404929,O=C(NNc1c2ccccc2nc2ccccc12)c1ccc(O)cc1O,50000.0,inactive
82,CHEMBL1544997,Cn1cc(C(=O)CCl)c2ccccc21,50000.0,inactive
83,CHEMBL1417692,Cc1ccc2[nH]cc(C(=O)CCl)c2c1,50000.0,inactive
84,CHEMBL51931,O=C1C(=O)c2ccccc2-c2ccccc21,50000.0,inactive
85,CHEMBL1484370,Cc1no[n+]([O-])c1COc1ccccc1/C=C1\NC(=S)NC1=O,50000.0,inactive
86,CHEMBL1613272,Cc1ccccc1C(=O)Nc1nc2c(C)csc2c(=O)s1,50000.0,inactive
87,CHEMBL1418273,COc1ccccc1C(=O)Oc1cc(N)n(S(=O)(=O)c2ccc(C)cc2)n1,50000.0,inactive
88,CHEMBL1484618,O=C(OCC(=O)c1c[nH]c2ccccc12)c1ccc([N+](=O)[O-])s1,50000.0,inactive
89,CHEMBL1524172,O=C(O)c1cccc(NN=C2c3ccccc3-c3ccccc32)c1,50000.0,inactive
90,CHEMBL1547025,Cl.c1ccc(CNc2nc(NCc3ccccc3)c3ccccc3n2)cc1,50000.0,inactive
91,CHEMBL63354,O=c1cc(-c2ccc(O)c(-c3c(O)cc(O)c4c(=O)cc(-c5ccc(O)cc5)oc34)c2)oc2cc(O)cc(O)c12,8984.0,intermediate
92,CHEMBL1334062,Cn1nc(-c2ccc(Cl)cc2)nc2c(=O)n(C)c(=O)nc1-2,50000.0,inactive
93,CHEMBL1588106,N=C1/C(=C\c2coc3ccccc3c2=O)C(=O)N=C2SC(c3ccncc3)=NN12,11140.0,inactive
94,CHEMBL1511080,Oc1ccc(Cl)cc1/C=C(\Cl)c1nc(O)c2ccc(Cl)cc2n1,50000.0,inactive
95,CHEMBL1603938,Cc1ccc(C)c(SCC(=O)OC/C(O)=C(\C#N)c2nc3ccccc3[nH]2)c1,50000.0,inactive
96,CHEMBL3199301,Cc1ccc(SC/C(O)=C(\C#N)c2nc3ccccc3s2)cc1,50000.0,inactive
97,CHEMBL1356663,N#CC(C#N)=Cc1c2ccccc2cc2ccccc12,50000.0,inactive
98,CHEMBL1434053,CCOC(=O)/C(C#N)=C/c1ccc(C#N)cc1,50000.0,inactive
99,CHEMBL1373154,Cc1cc(-c2csc(Nc3ccc(C#N)cc3)n2)c(C)n1CCc1ccccc1,50000.0,inactive
100,CHEMBL1355382,CCOC(=O)/C(C#N)=C/c1ccc(F)cc1[N+](=O)[O-],50000.0,inactive
101,CHEMBL1362311,CCOC(=O)/C(C#N)=C/c1sc2ccccc2c1-c1ccccc1,50000.0,inactive
102,CHEMBL1593230,N#Cc1ccc(Nc2nc(-c3ccc(O)cc3O)cs2)cc1,50000.0,inactive
103,CHEMBL1434737,N#C/C=C/c1ccccc1Nc1ccc(S(N)(=O)=O)cc1,50000.0,inactive
104,CHEMBL1593304,N#Cc1ccc(Nc2nc(-c3ccc(C#N)cc3)cs2)cc1,50000.0,inactive
105,CHEMBL1364907,Cc1cc(-c2csc(Nc3ccc(C#N)cc3)n2)c(C)n1Cc1ccccc1,50000.0,inactive
106,CHEMBL1490267,N#Cc1ccc(Nc2nc(-c3ccc(O)cc3O)cs2)cc1C(F)(F)F,50000.0,inactive
107,CHEMBL1476178,N#Cc1ccc(Nc2nc(-c3cccc(Br)c3)cs2)cc1,50000.0,inactive
108,CHEMBL1515723,CCOC(=O)/C(C#N)=C/c1c[nH]c2ccc(C#N)cc12,50000.0,inactive
109,CHEMBL1484797,CCOC(=O)/C(C#N)=C/c1ccc([N+](=O)[O-])cc1,50000.0,inactive
110,CHEMBL1318338,CCOC(=O)/C(C#N)=C/c1c2ccccc2cc2ccccc12,50000.0,inactive
111,CHEMBL1446122,CCOc1ccc(-c2csc(Nc3ccc(C#N)cc3)n2)cc1,50000.0,inactive
112,CHEMBL1314351,Cc1cc(-c2csc(Nc3ccc(C#N)cc3)n2)c(C)n1C,50000.0,inactive
113,CHEMBL1516388,CC(=O)O.Cc1cc2c(C(C)C)c(O)c(O)c(C=O)c2c(O)c1-c1c(C)cc2c(C(C)C)c(O)c(O)c(C=O)c2c1O,15540.0,inactive
114,CHEMBL1418796,CC(=O)Oc1cc2c3c(c1)/C(=C1/SC(=S)NC1=O)C(=O)N3C(C)(C)C=C2C,50000.0,inactive
115,CHEMBL239103,NS(=O)(=O)c1ccc(Nc2nc(-c3ccc(O)cc3O)cs2)cc1,50000.0,inactive
116,CHEMBL1399109,O=C(CCl)Nc1nc(-c2ccco2)c(-c2ccco2)s1,50000.0,inactive
117,CHEMBL1458321,O=C(NC1(O)C(=O)c2ccccc2C1=O)c1c(Cl)cccc1Cl,50000.0,inactive
118,CHEMBL1329974,O=C(O)CSc1cc(NS(=O)(=O)c2cccc([N+](=O)[O-])c2)c2ccccc2c1O,17430.0,inactive
119,CHEMBL1575869,CCCCn1c(NC(=O)c2ccccc2Cl)c(C#N)c2nc3ccccc3nc21,50000.0,inactive
120,CHEMBL3193664,Oc1ccc(/C=N/Nc2ccnc3cc(Cl)ccc23)cc1O,50000.0,inactive
121,CHEMBL1989852,COc1ccc2ccccc2c1/C=N/NC(=O)c1sc(N)c(C#N)c1C,50000.0,inactive
122,CHEMBL1529285,O=C(O)c1ccc(NS(=O)(=O)c2ccc3c(c2)C2C=CCC2C(c2ccccc2F)N3)cc1,50000.0,inactive
123,CHEMBL496,Oc1c(Cl)cc(Cl)c(Cl)c1Cc1c(O)c(Cl)cc(Cl)c1Cl,50000.0,inactive
124,CHEMBL591404,N=C(N)N/N=C/c1ccc(OCc2ccc(Cl)cc2Cl)cc1,50000.0,inactive
125,CHEMBL1499658,COc1cccc(-n2c(SCc3cc(=O)oc4cc(O)c(O)cc34)nc3ccccc3c2=O)c1,50000.0,inactive
126,CHEMBL2001831,O=C(CCl)c1c[nH]c(/C=N/Nc2ccccc2Cl)c1,50000.0,inactive
127,CHEMBL1302170,O=S(=O)(Nc1cc2nc3ccccc3nc2n1Cc1ccccc1)c1ccc(Cl)cc1,50000.0,inactive
128,CHEMBL463175,CC1CC(=O)c2c(cc3c(-c4c(O)cc(O)c5c(O)c6c(cc45)OC(C)CC6=O)c(O)cc(O)c3c2O)O1,50000.0,inactive
129,CHEMBL1333429,COC(=O)c1ccccc1NC(=S)NC(=O)c1ccccc1C,50000.0,inactive
130,CHEMBL1517,CN(C)[C@@H]1C(O)=C(C(N)=O)C(=O)[C@@]2(O)C(O)=C3C(=O)c4c(O)cccc4[C@@](C)(O)[C@H]3[C@H](O)[C@@H]12,50000.0,inactive
131,CHEMBL1972037,NS(=O)(=O)c1ccc(N/N=C/c2ccc(O)c(O)c2O)c([N+](=O)[O-])c1,50000.0,inactive
132,CHEMBL1303508,O=C1NC(=S)S/C1=C\c1c(-c2ccccc2)[nH]c2ccccc12,50000.0,inactive
133,CHEMBL601757,Cc1nc2c(=O)n(C)c(=O)nc-2n(C)n1,50000.0,inactive
134,CHEMBL1462375,Cc1[nH]c2ccccc2c1C(=O)CCl,50000.0,inactive
135,CHEMBL1362734,CCn1nc([N+](=O)[O-])c(C(C#N)c2nc3cc(C(F)(F)F)ccc3s2)c(Cl)c1=O,50000.0,inactive
136,CHEMBL1362595,CC(C)c1nc2sc3c(S)ncnc3c2c2c1CCC2,50000.0,inactive
137,CHEMBL1424118,Nc1nc(CCl)nc(Nc2ccc3ccccc3c2)n1,50000.0,inactive
138,CHEMBL1606112,O=C(Nc1ccc(F)cc1)C1C(c2ccccc2)C1(Cl)Cl,50000.0,inactive
139,CHEMBL1532953,CCCCn1c(NS(=O)(=O)c2ccc(C)cc2)c(S(=O)(=O)c2ccccc2)c2nc3ccccc3nc21,50000.0,inactive
140,CHEMBL1375922,Fc1ccccc1-c1nc(NCc2ccccc2)c2ccccc2n1,50000.0,inactive
141,CHEMBL2005296,COc1ccc(/C=N/Nc2nnc(-c3ccccc3)c(O)n2)cc1,50000.0,inactive
142,CHEMBL1425538,O=C(O[C@@H]1OC2COC(=O)c3cc(O)c(O)c(O)c3-c3c(cc(O)c(O)c3O)C(=O)O[C@H]([C@@H]2O)[C@H]1O)c1cc(O)c(O)c(O)c1,50000.0,inactive
143,CHEMBL1306199,N#Cc1c(NC(=O)c2ccccc2Cl)n(Cc2ccccc2)c2nc3ccccc3nc12,50000.0,inactive
144,CHEMBL1306258,Cc1cc(Nc2ccccc2)nc(-c2ccccc2O)n1,50000.0,inactive
145,CHEMBL1306425,[O-][n+]1onc2c1CCc1[nH]c(-c3ccccc3)nc1-2,50000.0,inactive
146,CHEMBL1560833,Cc1n[nH]c(S/C(=C\c2ccc(-c3ccc(C(=O)O)c(Cl)c3)o2)C(=O)O)n1,50000.0,inactive
147,CHEMBL1416392,CSC1=NSC2=NC(=O)/C(=C\c3c(C)[nH]c4ccccc34)C(=N)N12,50000.0,inactive
148,CHEMBL1504948,Cc1[nH]c2ccccc2c1/C=C1/C(=N)N2C(=NC1=O)SN=C2S(=O)(=O)CC(C)C,50000.0,inactive
149,CHEMBL1426692,N#Cc1c(N2CCCCC2)nc(N)c2c(N)nc(SCC(=O)O)cc12,50000.0,inactive
150,CHEMBL1307594,Oc1cc(CCl)nc2nc3ccccc3n12,50000.0,inactive
151,CHEMBL1404929,O=C(NNc1c2ccccc2nc2ccccc12)c1ccc(O)cc1O,50000.0,inactive
152,CHEMBL1544997,Cn1cc(C(=O)CCl)c2ccccc21,50000.0,inactive
153,CHEMBL1417692,Cc1ccc2[nH]cc(C(=O)CCl)c2c1,50000.0,inactive
154,CHEMBL51931,O=C1C(=O)c2ccccc2-c2ccccc21,50000.0,inactive
155,CHEMBL1484370,Cc1no[n+]([O-])c1COc1ccccc1/C=C1\NC(=S)NC1=O,50000.0,inactive
156,CHEMBL1613272,Cc1ccccc1C(=O)Nc1nc2c(C)csc2c(=O)s1,50000.0,inactive
157,CHEMBL1418273,COc1ccccc1C(=O)Oc1cc(N)n(S(=O)(=O)c2ccc(C)cc2)n1,50000.0,inactive
158,CHEMBL1484618,O=C(OCC(=O)c1c[nH]c2ccccc12)c1ccc([N+](=O)[O-])s1,50000.0,inactive
159,CHEMBL1524172,O=C(O)c1cccc(NN=C2c3ccccc3-c3ccccc32)c1,50000.0,inactive
160,CHEMBL1547025,Cl.c1ccc(CNc2nc(NCc3ccccc3)c3ccccc3n2)cc1,50000.0,inactive
161,CHEMBL63354,O=c1cc(-c2ccc(O)c(-c3c(O)cc(O)c4c(=O)cc(-c5ccc(O)cc5)oc34)c2)oc2cc(O)cc(O)c12,50000.0,inactive
162,CHEMBL1334062,Cn1nc(-c2ccc(Cl)cc2)nc2c(=O)n(C)c(=O)nc1-2,50000.0,inactive
163,CHEMBL1588106,N=C1/C(=C\c2coc3ccccc3c2=O)C(=O)N=C2SC(c3ccncc3)=NN12,9262.0,intermediate
164,CHEMBL1511080,Oc1ccc(Cl)cc1/C=C(\Cl)c1nc(O)c2ccc(Cl)cc2n1,50000.0,inactive
165,CHEMBL3199301,Cc1ccc(SC/C(O)=C(\C#N)c2nc3ccccc3s2)cc1,50000.0,inactive
166,CHEMBL1603938,Cc1ccc(C)c(SCC(=O)OC/C(O)=C(\C#N)c2nc3ccccc3[nH]2)c1,50000.0,inactive
167,CHEMBL2315790,c1ccc(OCc2nnc(SC3CCCC3)n2C2CCCCC2)cc1,30000.0,inactive
168,CHEMBL2315789,Clc1cc(Cl)cc(-n2c(COc3ccccc3)nnc2SC2CCCC2)c1,30000.0,inactive
169,CHEMBL2315788,[N-]=[N+]=Nc1cccc(-n2c(COc3ccccc3)nnc2SC2CCCC2)c1,2400.0,intermediate
170,CHEMBL2315787,Nc1cccc(-n2c(COc3ccccc3)nnc2SC2CCCC2)c1,1290.0,intermediate
171,CHEMBL2315786,FC(F)(F)c1cccc(-n2c(COc3ccccc3)nnc2SC2CCCC2)c1,30000.0,inactive
172,CHEMBL2315785,O=[N+]([O-])c1cccc(-n2c(COc3ccccc3)nnc2SC2CCCC2)c1,2810.0,intermediate
173,CHEMBL2315784,Cc1cccc(-n2c(COc3ccccc3)nnc2SC2CCCC2)c1,2780.0,intermediate
174,CHEMBL2315783,Brc1cccc(-n2c(COc3ccccc3)nnc2SC2CCCC2)c1,960.0,active
175,CHEMBL2315782,Clc1cccc(-n2c(COc3ccccc3)nnc2SC2CCCC2)c1,740.0,active
176,CHEMBL2315781,CC(C)Sc1nnc(COc2ccccc2)n1-c1cccnc1,2690.0,intermediate
177,CHEMBL2315780,CC(C)Sc1nnc(COc2ccccc2)n1Cc1ccccc1,30000.0,inactive
178,CHEMBL2315779,CC(C)Sc1nnc(COc2ccccc2)n1C,30000.0,inactive
179,CHEMBL2315778,COc1ccc(-n2c(COc3ccccc3)nnc2SC(C)C)cc1,30000.0,inactive
180,CHEMBL2315777,CC(C)Sc1nnc(COc2ccccc2)n1-c1ccc(Cl)cc1,30000.0,inactive
181,CHEMBL2315776,CC(C)Sc1nnc(COc2ccccc2)n1-c1ccc(F)cc1,19600.0,inactive
182,CHEMBL2315775,CC(C)Sc1nnc(COc2ccccc2)n1-c1cccc(C(F)(F)F)c1,30000.0,inactive
183,CHEMBL2315774,COc1cccc(-n2c(COc3ccccc3)nnc2SC(C)C)c1,16220.0,inactive
184,CHEMBL2315773,CC(C)Sc1nnc(COc2ccccc2)n1-c1cccc(Br)c1,2320.0,intermediate
185,CHEMBL2315772,CC(C)Sc1nnc(COc2ccccc2)n1-c1cccc(F)c1,2060.0,intermediate
186,CHEMBL2315771,CC(C)Sc1nnc(COc2ccccc2)n1-c1cccc(Cl)c1,1880.0,intermediate
187,CHEMBL2315770,COc1ccccc1-n1c(COc2ccccc2)nnc1SC(C)C,30000.0,inactive
188,CHEMBL2315769,CC(C)Sc1nnc(COc2ccccc2)n1-c1ccccc1F,19430.0,inactive
189,CHEMBL2315768,c1ccc(OCc2nnc(NC3CCCCC3)n2-c2ccccc2)cc1,3450.0,intermediate
190,CHEMBL2315767,c1ccc(OCc2nnc(NC3CCCC3)n2-c2ccccc2)cc1,2850.0,intermediate
191,CHEMBL2315766,CC(C)Nc1nnc(COc2ccccc2)n1-c1ccccc1,30000.0,inactive
192,CHEMBL2315765,c1ccc(OCc2nnc(CC3CCCCC3)n2-c2ccccc2)cc1,4300.0,intermediate
193,CHEMBL2315764,c1ccc(OCc2nnc(CC3CCCC3)n2-c2ccccc2)cc1,1970.0,intermediate
194,CHEMBL2315763,c1ccc(OCc2nnc(OC3CCCCC3)n2-c2ccccc2)cc1,1960.0,intermediate
195,CHEMBL2315471,c1ccc(OCc2nnc(OC3CCCC3)n2-c2ccccc2)cc1,2250.0,intermediate
196,CHEMBL2315470,CC(C)Oc1nnc(COc2ccccc2)n1-c1ccccc1,30000.0,inactive
197,CHEMBL2315469,c1ccc(OCc2nncn2-c2ccccc2)cc1,30000.0,inactive
198,CHEMBL1379971,Sc1nnc(COc2ccccc2)n1-c1ccccc1,30000.0,inactive
199,CHEMBL2315468,CC(C)S(=O)(=O)c1nnc(COc2ccccc2)n1-c1ccccc1,30000.0,inactive
200,CHEMBL2315467,c1ccc(CSc2nnc(COc3ccccc3)n2-c2ccccc2)cc1,30000.0,inactive
201,CHEMBL2315466,c1ccc(OCc2nnc(Sc3ccccc3)n2-c2ccccc2)cc1,3790.0,intermediate
202,CHEMBL2315465,c1ccc(OCc2nnc(SCC3CCCCC3)n2-c2ccccc2)cc1,30000.0,inactive
203,CHEMBL2315464,c1ccc(OCc2nnc(SCC3CCC3)n2-c2ccccc2)cc1,1150.0,intermediate
204,CHEMBL2315463,c1ccc(OCc2nnc(SC3CCCCC3)n2-c2ccccc2)cc1,960.0,active
205,CHEMBL2315462,c1ccc(OCc2nnc(SC3CCCC3)n2-c2ccccc2)cc1,720.0,active
206,CHEMBL2315461,c1ccc(OCc2nnc(SC3CCC3)n2-c2ccccc2)cc1,960.0,active
207,CHEMBL2315460,CC(C)CSc1nnc(COc2ccccc2)n1-c1ccccc1,1290.0,intermediate
208,CHEMBL2315459,CCSc1nnc(COc2ccccc2)n1-c1ccccc1,9920.0,intermediate
209,CHEMBL2315813,CSc1nnc(COc2ccccc2)n1-c1ccccc1,30000.0,inactive
210,CHEMBL2315812,CC(C)Sc1nnc(COc2ccccc2)n1-c1ccccc1,2690.0,intermediate
211,CHEMBL2315425,Cc1cc(OCc2nnc(SC3CCCC3)n2-c2cccnc2)ccc1-c1ccc(C=O)cc1,67.0,active
212,CHEMBL2315424,CC(=O)c1ccc(-c2ccc(OCc3nnc(SC4CCCC4)n3-c3cccnc3)cc2C)cc1,53.0,active
213,CHEMBL2311578,Cc1cc(OCc2nnc(SC3CCCC3)n2-c2cccnc2)ccc1-c1ccc(S(C)(=O)=O)cc1,24.0,active
214,CHEMBL2315423,CNC(=O)c1ccc(-c2ccc(OCc3nnc(SC4CCCC4)n3-c3cccnc3)cc2C)cc1,54.0,active
215,CHEMBL2315422,Cc1cc(OCc2nnc(SC3CCCC3)n2-c2cccnc2)ccc1-c1ccc(S(N)(=O)=O)cc1,25.0,active
216,CHEMBL2315421,CONC(=O)c1ccc(-c2ccc(OCc3nnc(SC4CCCC4)n3-c3cccnc3)cc2C)cc1,58.0,active
217,CHEMBL2315420,Cc1cc(OCc2nnc(SC3CCCC3)n2-c2cccnc2)ccc1-c1ccc(C#N)cc1,71.0,active
218,CHEMBL2315419,CS(=O)(=O)c1cccc(-c2ccc(OCc3nnc(SC4CCCC4)n3-c3cccnc3)cc2)c1,908.0,active
219,CHEMBL2315418,CC(=O)c1cccc(-c2ccc(OCc3nnc(SC4CCCC4)n3-c3cccnc3)cc2)c1,451.0,active
220,CHEMBL2315417,N#Cc1cccc(-c2ccc(OCc3nnc(SC4CCCC4)n3-c3cccnc3)cc2)c1,1394.0,intermediate
221,CHEMBL2315416,CC(=O)c1ccccc1-c1ccc(OCc2nnc(SC3CCCC3)n2-c2cccnc2)cc1,379.0,active
222,CHEMBL2315415,N#Cc1ccccc1-c1ccc(OCc2nnc(SC3CCCC3)n2-c2cccnc2)cc1,536.0,active
223,CHEMBL2315414,c1ccc(-c2ccc(OCc3nnc(SC4CCCC4)n3-c3cccnc3)cc2)cc1,2031.0,intermediate
224,CHEMBL2315413,FC(F)(F)c1ccc(-c2ccc(OCc3nnc(SC4CCCC4)n3-c3cccnc3)cc2)cc1,1236.0,intermediate
225,CHEMBL2315440,CSc1ccc(-c2ccc(OCc3nnc(SC4CCCC4)n3-c3cccnc3)cc2)cc1,976.0,active
226,CHEMBL2315439,Fc1ccc(-c2ccc(OCc3nnc(SC4CCCC4)n3-c3cccnc3)cc2)cc1,683.0,active
227,CHEMBL2315438,Brc1ccc(-c2ccc(OCc3nnc(SC4CCCC4)n3-c3cccnc3)cc2)cc1,523.0,active
228,CHEMBL2315437,Nc1ccc(-c2ccc(OCc3nnc(SC4CCCC4)n3-c3cccnc3)cc2)cc1,262.0,active
229,CHEMBL2315436,COc1ccc(-c2ccc(OCc3nnc(SC4CCCC4)n3-c3cccnc3)cc2)cc1,172.0,active
230,CHEMBL2315435,O=[N+]([O-])c1ccc(-c2ccc(OCc3nnc(SC4CCCC4)n3-c3cccnc3)cc2)cc1,162.0,active
231,CHEMBL2315434,O=Cc1ccc(-c2ccc(OCc3nnc(SC4CCCC4)n3-c3cccnc3)cc2)cc1,112.0,active
232,CHEMBL2315433,CC(=O)c1ccc(-c2ccc(OCc3nnc(SC4CCCC4)n3-c3cccnc3)cc2)cc1,65.0,active
233,CHEMBL2315432,CS(=O)(=O)c1ccc(-c2ccc(OCc3nnc(SC4CCCC4)n3-c3cccnc3)cc2)cc1,63.0,active
234,CHEMBL2315431,CNC(=O)c1ccc(-c2ccc(OCc3nnc(SC4CCCC4)n3-c3cccnc3)cc2)cc1,42.0,active
235,CHEMBL2315430,NC(=O)c1ccc(-c2ccc(OCc3nnc(SC4CCCC4)n3-c3cccnc3)cc2)cc1,41.0,active
236,CHEMBL2315429,NS(=O)(=O)c1ccc(-c2ccc(OCc3nnc(SC4CCCC4)n3-c3cccnc3)cc2)cc1,71.0,active
237,CHEMBL2315428,O=C(CO)c1ccc(-c2ccc(OCc3nnc(SC4CCCC4)n3-c3cccnc3)cc2)cc1,48.0,active
238,CHEMBL2315427,CONC(=O)c1ccc(-c2ccc(OCc3nnc(SC4CCCC4)n3-c3cccnc3)cc2)cc1,43.0,active
239,CHEMBL2315426,Cc1cc(OCc2nnc(SC3CCCC3)n2-c2cccnc2)ccc1F,443.0,active
240,CHEMBL2315458,Clc1cc(Cl)cc(OCc2nnc(SC3CCCC3)n2-c2cccnc2)c1,257.0,active
241,CHEMBL2315457,Fc1cc(Br)cc(OCc2nnc(SC3CCCC3)n2-c2cccnc2)c1,225.0,active
242,CHEMBL2315456,Cc1cc(OCc2nnc(SC3CCCC3)n2-c2cccnc2)ccc1Cl,184.0,active
243,CHEMBL2315455,Cc1ccc(OCc2nnc(SC3CCCC3)n2-c2cccnc2)cc1Cl,150.0,active
244,CHEMBL2315454,Cc1cc(OCc2nnc(SC3CCCC3)n2-c2cccnc2)cc(C)c1Cl,134.0,active
245,CHEMBL2315453,Cc1cc(OCc2nnc(SC3CCCC3)n2-c2cccnc2)ccc1Br,100.0,active
246,CHEMBL2315452,Clc1ccc(OCc2nnc(SC3CCCC3)n2-c2cccnc2)cc1Cl,90.0,active
247,CHEMBL2315451,N#Cc1ccc(-c2ccc(OCc3nnc(SC4CCCC4)n3-c3cccnc3)cc2)cc1,88.0,active
248,CHEMBL2315450,Fc1cc(OCc2nnc(SC3CCCC3)n2-c2cccnc2)ccc1Cl,71.0,active
249,CHEMBL2315449,COc1ccc(OCc2nnc(SC3CCCC3)n2-c2cccnc2)cc1,587.0,active
250,CHEMBL2315448,N#Cc1ccc(OCc2nnc(SC3CCCC3)n2-c2cccnc2)cc1,609.0,active
251,CHEMBL2315447,Cc1ccc(OCc2nnc(SC3CCCC3)n2-c2cccnc2)cc1,220.0,active
252,CHEMBL2315446,Fc1ccc(OCc2nnc(SC3CCCC3)n2-c2cccnc2)cc1,604.0,active
253,CHEMBL2315445,Brc1ccc(OCc2nnc(SC3CCCC3)n2-c2cccnc2)cc1,168.0,active
254,CHEMBL2315444,Clc1ccc(OCc2nnc(SC3CCCC3)n2-c2cccnc2)cc1,140.0,active
255,CHEMBL2315443,COc1cccc(OCc2nnc(SC3CCCC3)n2-c2cccnc2)c1,375.0,active
256,CHEMBL2315442,N#Cc1cccc(OCc2nnc(SC3CCCC3)n2-c2cccnc2)c1,3129.0,intermediate
257,CHEMBL2315441,Cc1cccc(OCc2nnc(SC3CCCC3)n2-c2cccnc2)c1,524.0,active
258,CHEMBL2315811,Fc1cccc(OCc2nnc(SC3CCCC3)n2-c2cccnc2)c1,379.0,active
259,CHEMBL2315810,Brc1cccc(OCc2nnc(SC3CCCC3)n2-c2cccnc2)c1,283.0,active
260,CHEMBL2315809,Clc1cccc(OCc2nnc(SC3CCCC3)n2-c2cccnc2)c1,279.0,active
261,CHEMBL2315808,Clc1ccccc1OCc1nnc(SC2CCCC2)n1-c1cccnc1,1277.0,intermediate
262,CHEMBL2315807,c1ccc(-n2c(SC3CCCC3)nnc2-c2ccco2)cc1,8720.0,intermediate
263,CHEMBL2315806,c1ccc(-n2c(SC3CCCC3)nnc2-c2cc3ccccc3o2)cc1,1940.0,intermediate
264,CHEMBL2315805,CC(C)Sc1nnc(COc2cccnc2)n1-c1ccccc1,5560.0,intermediate
265,CHEMBL2315804,CC(C)Sc1nnc(COC2CCCCC2)n1-c1ccccc1,30000.0,inactive
266,CHEMBL2315803,CC(C)Sc1nnc(CO)n1-c1ccccc1,30000.0,inactive
267,CHEMBL2315802,Brc1ccc(/C=C/c2nnc(SC3CCCC3)n2-c2ccccc2)cc1,2860.0,intermediate
268,CHEMBL2315801,O=C(Nc1ccc(Br)cc1)c1nnc(SC2CCCC2)n1-c1ccccc1,18640.0,inactive
269,CHEMBL2315800,Brc1ccc(OCc2nnc(SC3CCCC3)n2-c2ccccc2)cc1,440.0,active
270,CHEMBL2315799,CC(C)Sc1nnc(CNc2ccccc2)n1-c1ccccc1,11170.0,inactive
271,CHEMBL2315798,CC(C)Sc1nnc(CN(C)c2ccccc2)n1-c1ccccc1,30000.0,inactive
272,CHEMBL2315797,CC(C)Sc1nnc(Cc2ccccc2)n1-c1ccccc1,30000.0,inactive
273,CHEMBL2315796,CC(C)Sc1nnc(COCc2ccccc2)n1-c1ccccc1,26720.0,inactive
274,CHEMBL2315795,CC(C)Sc1nnc(CCc2ccccc2)n1-c1ccccc1,11780.0,inactive
275,CHEMBL2315794,CC(C)Sc1nnc(CSc2ccccc2)n1-c1ccccc1,7730.0,intermediate
276,CHEMBL2315793,c1ccc(OCc2nnc(SC3CCCC3)n2Cc2ccco2)cc1,30000.0,inactive
277,CHEMBL2315792,c1ccc(OCc2nnc(SC3CCCC3)n2-c2cccnc2)cc1,470.0,active
278,CHEMBL2315791,c1ccc(OCc2nnc(SC3CCCC3)n2-c2ccccn2)cc1,30000.0,inactive
279,CHEMBL3361229,NC(=O)[C@H]1CC[C@H](CNc2nc(NCc3ccccc3)cc(-c3ccoc3)n2)CC1,491.0,active
280,CHEMBL3361228,NC(=O)[C@H]1CC[C@H](CNc2nc(NCc3ccccc3)cc(-c3ccsc3)n2)CC1,452.0,active
281,CHEMBL3361227,NC(=O)[C@H]1CC[C@H](CNc2nc(NCc3ccccc3)cc(-c3cccnc3)n2)CC1,109.0,active
282,CHEMBL3361226,NC(=O)[C@H]1CC[C@H](CNc2nc(NCc3ccccc3)cc(-c3ccc4[nH]ccc4c3)n2)CC1,82.0,active
283,CHEMBL3361225,NC(=O)[C@H]1CC[C@H](CNc2nc(NCc3ccccc3)cc(-c3csc4ccccc34)n2)CC1,74.0,active
284,CHEMBL3361224,NC(=O)[C@H]1CC[C@H](CNc2nc(NCc3ccccc3)cc(-c3ccc4[nH]ncc4c3)n2)CC1,71.0,active
285,CHEMBL3361223,NC(=O)[C@H]1CC[C@H](CNc2nc(NCc3ccccc3)cc(-c3cc4ccccc4o3)n2)CC1,61.0,active
286,CHEMBL3361222,NC(=O)[C@H]1CC[C@H](CNc2nc(NCc3ccccc3)cc(-c3ccc(F)cc3)n2)CC1,299.0,active
287,CHEMBL3361221,CCOc1ccc(-c2cc(NCc3ccccc3)nc(NC[C@H]3CC[C@H](C(N)=O)CC3)n2)cc1,246.0,active
288,CHEMBL3361220,NC(=O)[C@H]1CC[C@H](CNc2nc(NCc3ccccc3)cc(-c3ccc(C(F)(F)F)cc3)n2)CC1,222.0,active
289,CHEMBL3361219,NC(=O)[C@H]1CC[C@H](CNc2nc(NCc3ccccc3)cc(-c3ccc(Cl)cc3)n2)CC1,106.0,active
290,CHEMBL3361218,CC(=O)c1ccc(-c2cc(NCc3ccccc3)nc(NC[C@H]3CC[C@H](C(N)=O)CC3)n2)cc1,102.0,active
291,CHEMBL3361217,NC(=O)[C@H]1CC[C@H](CNc2nc(NCc3ccccc3)cc(-c3ccc(CO)cc3)n2)CC1,89.0,active
292,CHEMBL3361216,CC(=O)Nc1ccc(-c2cc(NCc3ccccc3)nc(NC[C@H]3CC[C@H](C(N)=O)CC3)n2)cc1,59.0,active
293,CHEMBL3361215,NC(=O)[C@H]1CC[C@H](CNc2nc(NCc3ccccc3)cc(-c3cccc(C(F)(F)F)c3)n2)CC1,237.0,active
294,CHEMBL3361214,Cc1cccc(-c2cc(NCc3ccccc3)nc(NC[C@H]3CC[C@H](C(N)=O)CC3)n2)c1,183.0,active
295,CHEMBL3352905,COc1cccc(-c2cc(NCc3ccccc3)nc(NC[C@H]3CC[C@H](C(N)=O)CC3)n2)c1,149.0,active
296,CHEMBL3361213,NC(=O)[C@H]1CC[C@H](CNc2nc(NCc3ccccc3)cc(-c3cccc(CO)c3)n2)CC1,135.0,active
297,CHEMBL3361212,NC(=O)[C@H]1CC[C@H](CNc2nc(NCc3ccccc3)cc(-c3cccc(O)c3)n2)CC1,106.0,active
298,CHEMBL3361211,CC(=O)c1cccc(-c2cc(NCc3ccccc3)nc(NC[C@H]3CC[C@H](C(N)=O)CC3)n2)c1,87.0,active
299,CHEMBL3361210,NC(=O)[C@H]1CC[C@H](CNc2nc(NCc3ccccc3)cc(-c3ccccc3F)n2)CC1,46.0,active
300,CHEMBL3361209,CS(=O)(=O)c1ccc(CNc2cc(-c3ccccc3)nc(NC[C@H]3CC[C@H](C(N)=O)CC3)n2)cc1,10000.0,intermediate
301,CHEMBL3361208,NC(=O)[C@H]1CC[C@H](CNc2nc(NCc3ccc(S(N)(=O)=O)cc3)cc(-c3ccccc3)n2)CC1,5165.0,intermediate
302,CHEMBL3361207,COc1ccc(CNc2cc(-c3ccccc3)nc(NC[C@H]3CC[C@H](C(N)=O)CC3)n2)cc1,5036.0,intermediate
303,CHEMBL3361206,NC(=O)[C@H]1CC[C@H](CNc2nc(NCc3ccc(Cl)cc3)cc(-c3ccccc3)n2)CC1,3473.0,intermediate
304,CHEMBL3361205,NC(=O)[C@H]1CC[C@H](CNc2nc(NCc3ccc(F)cc3)cc(-c3ccccc3)n2)CC1,2433.0,intermediate
305,CHEMBL3361204,Cc1ccc(CNc2cc(-c3ccccc3)nc(NC[C@H]3CC[C@H](C(N)=O)CC3)n2)cc1,2181.0,intermediate
306,CHEMBL3361203,NC(=O)[C@H]1CC[C@H](CNc2nc(NCc3cccc(S(N)(=O)=O)c3)cc(-c3ccccc3)n2)CC1,7610.0,intermediate
307,CHEMBL3361202,NC(=O)[C@H]1CC[C@H](CNc2nc(NCc3cccc([N+](=O)[O-])c3)cc(-c3ccccc3)n2)CC1,4608.0,intermediate
308,CHEMBL3361201,COc1cccc(CNc2cc(-c3ccccc3)nc(NC[C@H]3CC[C@H](C(N)=O)CC3)n2)c1,5645.0,intermediate
309,CHEMBL3361200,NC(=O)[C@H]1CC[C@H](CNc2nc(NCc3cccc(Cl)c3)cc(-c3ccccc3)n2)CC1,2762.0,intermediate
310,CHEMBL3361199,NC(=O)[C@H]1CC[C@H](CNc2nc(NCc3cccc(F)c3)cc(-c3ccccc3)n2)CC1,474.0,active
311,CHEMBL3361198,Cc1cccc(CNc2cc(-c3ccccc3)nc(NC[C@H]3CC[C@H](C(N)=O)CC3)n2)c1,1679.0,intermediate
312,CHEMBL3361197,COc1ccccc1CNc1cc(-c2ccccc2)nc(NC[C@H]2CC[C@H](C(N)=O)CC2)n1,8860.0,intermediate
313,CHEMBL3361196,NC(=O)[C@H]1CC[C@H](CNc2nc(NCc3ccccc3Br)cc(-c3ccccc3)n2)CC1,7108.0,intermediate
314,CHEMBL3361195,NC(=O)[C@H]1CC[C@H](CNc2nc(NCc3ccccc3Cl)cc(-c3ccccc3)n2)CC1,6939.0,intermediate
315,CHEMBL3361194,NC(=O)[C@H]1CC[C@H](CNc2nc(NCc3ccccc3F)cc(-c3ccccc3)n2)CC1,1691.0,intermediate
316,CHEMBL3361193,Cc1ccccc1CNc1cc(-c2ccccc2)nc(NC[C@H]2CC[C@H](C(N)=O)CC2)n1,9288.0,intermediate
317,CHEMBL3361192,NNC(=O)[C@H]1CC[C@H](CNc2nc(NCc3ccccc3)cc(-c3ccccc3)n2)CC1,986.0,active
318,CHEMBL3361191,O=C(NS(=O)(=O)C(F)(F)F)[C@H]1CC[C@H](CNc2nc(NCc3ccccc3)cc(-c3ccccc3)n2)CC1,264.0,active
319,CHEMBL3361190,CS(=O)(=O)NC(=O)[C@H]1CC[C@H](CNc2nc(NCc3ccccc3)cc(-c3ccccc3)n2)CC1,133.0,active
320,CHEMBL3361189,CNC(=O)[C@H]1CC[C@H](CNc2nc(NCc3ccccc3)cc(-c3ccccc3)n2)CC1,448.0,active
321,CHEMBL3361188,NC(=O)[C@H]1CC[C@H](CNc2nc(NCc3ccccc3)cc(-c3ccccc3)n2)CC1,127.0,active
322,CHEMBL3361187,O=C(O)[C@H]1CC[C@H](CNc2nc(-c3ccccc3)cc(N3CCOCC3)n2)CC1,10000.0,intermediate
323,CHEMBL3361186,O=C(O)[C@H]1CC[C@H](CNc2nc(NC3CCCCC3)cc(-c3ccccc3)n2)CC1,4313.0,intermediate
324,CHEMBL3361185,O=C(O)[C@H]1CC[C@H](CNc2nc(Nc3ccccc3)cc(-c3ccccc3)n2)CC1,36.0,active
325,CHEMBL3361184,O=C(O)[C@H]1CC[C@H](CNc2nc(NCc3ccccc3)cc(-c3ccccc3)n2)CC1,27.0,active
326,CHEMBL3361183,O=C(O)[C@H]1CC[C@H](CNc2nc(-c3ccccc3)cc(-c3ccoc3)n2)CC1,2188.0,intermediate
327,CHEMBL3361182,O=C(O)[C@H]1CC[C@H](CNc2nc(-c3ccccc3)cc(-c3ccncc3)n2)CC1,1667.0,intermediate
328,CHEMBL3361181,O=C(O)[C@H]1CC[C@H](CNc2nc(-c3ccccc3)cc(-c3cccnc3)n2)CC1,1201.0,intermediate
329,CHEMBL3361180,O=C(O)[C@H]1CC[C@H](CNc2nc(-c3ccccc3)cc(-c3ccco3)n2)CC1,570.0,active
330,CHEMBL3361179,O=C(O)[C@H]1CC[C@H](CNc2nc(-c3ccccc3)cc(-c3ccc4[nH]ccc4c3)n2)CC1,150.0,active
331,CHEMBL3361178,Nc1ccc(-c2cc(-c3ccccc3)nc(NC[C@H]3CC[C@H](C(=O)O)CC3)n2)cc1[N+](=O)[O-],60.0,active
332,CHEMBL3361177,Nc1ccc(-c2cc(-c3ccccc3)nc(NC[C@H]3CC[C@H](C(=O)O)CC3)n2)cc1,112.0,active
333,CHEMBL3361176,O=C(O)[C@H]1CC[C@H](CNc2nc(-c3ccccc3)cc(-c3ccc([N+](=O)[O-])cc3)n2)CC1,2189.0,intermediate
334,CHEMBL3361175,CS(=O)(=O)c1ccc(-c2cc(-c3ccccc3)nc(NC[C@H]3CC[C@H](C(=O)O)CC3)n2)cc1,1091.0,intermediate
335,CHEMBL3361174,COc1ccc(-c2cc(-c3ccccc3)nc(NC[C@H]3CC[C@H](C(=O)O)CC3)n2)cc1,921.0,active
336,CHEMBL3361173,O=C(O)[C@H]1CC[C@H](CNc2nc(-c3ccccc3)cc(-c3ccc(Cl)cc3)n2)CC1,221.0,active
337,CHEMBL3361172,O=C(O)[C@H]1CC[C@H](CNc2nc(-c3ccccc3)cc(-c3ccc(F)cc3)n2)CC1,742.0,active
338,CHEMBL3361171,Cc1ccc(-c2cc(-c3ccccc3)nc(NC[C@H]3CC[C@H](C(=O)O)CC3)n2)cc1,577.0,active
339,CHEMBL3360672,[N-]=[N+]=Nc1cccc(-c2cc(-c3ccccc3)nc(NC[C@H]3CC[C@H](C(=O)O)CC3)n2)c1,879.0,active
340,CHEMBL3360671,O=C(O)[C@H]1CC[C@H](CNc2nc(-c3ccccc3)cc(-c3cccc([N+](=O)[O-])c3)n2)CC1,201.0,active
341,CHEMBL3360670,CS(=O)(=O)c1cccc(-c2cc(-c3ccccc3)nc(NC[C@H]3CC[C@H](C(=O)O)CC3)n2)c1,116.0,active
342,CHEMBL3360669,COc1cccc(-c2cc(-c3ccccc3)nc(NC[C@H]3CC[C@H](C(=O)O)CC3)n2)c1,543.0,active
343,CHEMBL3360668,O=C(O)[C@H]1CC[C@H](CNc2nc(-c3ccccc3)cc(-c3cccc(Cl)c3)n2)CC1,483.0,active
344,CHEMBL3360667,O=C(O)[C@H]1CC[C@H](CNc2nc(-c3ccccc3)cc(-c3cccc(F)c3)n2)CC1,552.0,active
345,CHEMBL3360666,Cc1cccc(-c2cc(-c3ccccc3)nc(NC[C@H]3CC[C@H](C(=O)O)CC3)n2)c1,578.0,active
346,CHEMBL3360665,COc1ccccc1-c1cc(-c2ccccc2)nc(NC[C@H]2CC[C@H](C(=O)O)CC2)n1,3041.0,intermediate
347,CHEMBL3360664,O=C(O)[C@H]1CC[C@H](CNc2nc(-c3ccccc3)cc(-c3ccccc3Cl)n2)CC1,700.0,active
348,CHEMBL3360663,O=C(O)[C@H]1CC[C@H](CNc2nc(-c3ccccc3)cc(-c3ccccc3F)n2)CC1,141.0,active
349,CHEMBL3360662,Cc1ccccc1-c1cc(-c2ccccc2)nc(NC[C@H]2CC[C@H](C(=O)O)CC2)n1,673.0,active
350,CHEMBL3360661,O=C(O)[C@H]1CC[C@H](CNc2nc(-c3ccccc3)cc(-c3ccccc3)n2)CC1,300.0,active
351,CHEMBL3360660,COc1ccc(-c2cc(C)nc(NC[C@H]3CC[C@H](C(=O)O)CC3)n2)cc1,37000.0,inactive
352,CHEMBL3360659,Cc1cc(-c2ccc(F)cc2)nc(NC[C@H]2CC[C@H](C(=O)O)CC2)n1,8400.0,intermediate
353,CHEMBL3360658,Cc1cc(-c2ccc(Cl)cc2)nc(NC[C@H]2CC[C@H](C(=O)O)CC2)n1,2600.0,intermediate
354,CHEMBL3360657,Cc1ccc(-c2cc(C)nc(NC[C@H]3CC[C@H](C(=O)O)CC3)n2)cc1,2700.0,intermediate
355,CHEMBL3360656,COc1cccc(-c2cc(C)nc(NC[C@H]3CC[C@H](C(=O)O)CC3)n2)c1,37000.0,inactive
356,CHEMBL3360655,Cc1cc(-c2cccc(Cl)c2)nc(NC[C@H]2CC[C@H](C(=O)O)CC2)n1,4800.0,intermediate
357,CHEMBL3360654,Cc1cccc(-c2cc(C)nc(NC[C@H]3CC[C@H](C(=O)O)CC3)n2)c1,11400.0,inactive
358,CHEMBL3360653,COc1ccccc1-c1cc(C)nc(NC[C@H]2CC[C@H](C(=O)O)CC2)n1,37000.0,inactive
359,CHEMBL3360652,Cc1cc(-c2ccccc2C)nc(NC[C@H]2CC[C@H](C(=O)O)CC2)n1,37000.0,inactive
360,CHEMBL3360651,O=C(O)[C@H]1CC[C@H](CNc2nccc(-c3ccccc3)n2)CC1,8700.0,intermediate
361,CHEMBL3360650,Cc1cc(-c2ccccc2)nc(NC[C@H]2CC[C@H](C(=O)O)CC2)n1,2600.0,intermediate
362,CHEMBL3360649,Cc1cc(-c2ccccc2)nc(NCc2cccc(C(=O)O)c2)n1,37000.0,inactive
363,CHEMBL3360648,Cc1cc(-c2ccccc2)nc(NCc2ccc(C(=O)O)cc2)n1,15400.0,inactive
364,CHEMBL3360647,Cc1cc(-c2ccccc2)nc(S(=O)(=O)Cc2ccc(C(=O)O)cc2)n1,37000.0,inactive
365,CHEMBL3360646,Cc1cc(-c2ccccc2)nc(SCCC(=O)O)n1,37000.0,inactive
366,CHEMBL3360645,Cc1cc(-c2ccccc2)nc(Sc2ccc(C(=O)O)cc2)n1,37000.0,inactive
367,CHEMBL3360644,Cc1cc(-c2ccccc2)nc(SCCc2ccc(C(=O)O)cc2)n1,20500.0,inactive
368,CHEMBL3360643,Cc1cc(-c2ccccc2)nc(SCc2ccccc2)n1,37000.0,inactive
369,CHEMBL3360642,Cc1cc(-c2ccccc2)nc(SCc2ccc(C(=O)NS(=O)(=O)C(F)(F)F)cc2)n1,21600.0,inactive
370,CHEMBL1404283,Cc1cc(-c2ccccc2)nc(SCc2ccc(C(=O)O)cc2)n1,4800.0,intermediate
371,CHEMBL3747464,COc1cccc2c(NCc3ccccc3)nc(-n3c(N)nc(C)c3C)nc12,5000.0,intermediate
372,CHEMBL3746907,COc1cccc2c(NCc3ccccc3)nc(-n3c(N)nc4c3CCCC4)nc12,5000.0,intermediate
373,CHEMBL3696887,COc1cccc2c(NCc3ccccc3)nc(-n3c(=O)[nH]c4ccccc43)nc12,1068.0,intermediate
374,CHEMBL3696879,COc1cccc2c(NCc3ccccc3)nc(-n3c(N(C)C)nc4ccccc43)nc12,227.0,active
375,CHEMBL3696878,CNc1nc2ccccc2n1-c1nc(NCc2ccccc2)c2cccc(OC)c2n1,233.0,active
376,CHEMBL3696880,COc1cccc2c(NCc3ccccc3)nc(-n3c(NC(C)=O)nc4ccccc43)nc12,5000.0,intermediate
377,CHEMBL3746701,COc1cccc2c(Cc3ccccc3)nc(-n3c(N)nc4ccccc43)nc12,5000.0,intermediate
378,CHEMBL3745800,COc1cccc2c(CCc3ccccc3)nc(-n3c(N)nc4ccccc43)nc12,5000.0,intermediate
379,CHEMBL3747425,COc1cccc2c(OCc3ccccc3)nc(-n3c(N)nc4ccccc43)nc12,5000.0,intermediate
380,CHEMBL3747449,COc1cccc2c(NC(=O)c3ccccc3)nc(-n3c(N)nc4ccccc43)nc12,5000.0,intermediate
381,CHEMBL3746850,COc1cccc2c(NCCc3ccccc3)nc(-n3c(N)nc4ccccc43)nc12,5000.0,intermediate
382,CHEMBL3746410,COc1cccc2c(N(C)Cc3ccccc3)nc(-n3c(N)nc4ccccc43)nc12,5000.0,intermediate
383,CHEMBL3745860,COc1cccc2c(NC(C)c3ccccc3)nc(-n3c(N)nc4ccccc43)nc12,5000.0,intermediate
384,CHEMBL3746912,COc1cccc2c(NCc3ccccc3)nc(-n3c(N)nc4ccccc43)nc12,815.0,active
385,CHEMBL3696862,COc1cccc2c(NCc3ccccc3)nc(-n3cnc4ccccc43)nc12,5000.0,intermediate
386,CHEMBL3696861,COc1cccc2c(NCc3ccccc3)nc(-n3c(C)nc4ccccc43)nc12,152.0,active
387,CHEMBL3696923,CCc1nc2ccccc2n1-c1nc(NCc2ccccc2)c2cccc(OC)c2n1,5000.0,intermediate
388,CHEMBL3696863,COc1cccc2c(NCc3ccccc3)nc(-n3c(OC)nc4ccccc43)nc12,145.0,active
389,CHEMBL3745761,COc1cccc2c(NCc3ccccc3)nc(Nc3nc4ccccc4[nH]3)nc12,5000.0,intermediate
390,CHEMBL3746009,COc1cccc2c(NCc3ccccc3)nc(Cn3c(C)nc4ccccc43)nc12,5000.0,intermediate
391,CHEMBL3696867,COCCOc1cccc2c(NCc3ccccc3)nc(-n3c(N)nc4ccccc43)nc12,907.0,active
392,CHEMBL3746988,COCCOc1cccc2c(NCc3ccccc3)nc(-n3c(C)nc4ccccc43)nc12,304.0,active
393,CHEMBL3696920,COCCOc1cccc2c(NCc3ccccc3)nc(-n3c(OC)nc4ccccc43)nc12,370.0,active
394,CHEMBL3747511,Nc1nc2ccccc2n1-c1nc(NCc2ccccc2)c2ccsc2n1,3000.0,intermediate
395,CHEMBL3696873,COc1nc2ccccc2n1-c1nc(NCc2ccccc2)c2ncsc2n1,180.0,active
396,CHEMBL3746037,Nc1nc2ccccc2n1-c1nc2c(c(NCc3ccccc3)n1)CCCC2,425.0,active
397,CHEMBL3747498,Cc1nc2ccccc2n1-c1nc2c(c(NCc3ccccc3)n1)CCCC2,98.0,active
398,CHEMBL3746353,COc1nc2ccccc2n1-c1nc2c(c(NCc3ccccc3)n1)CCCC2,76.0,active
399,CHEMBL3747272,Nc1nc2ccccc2n1-c1nc2c(c(NCc3ccccc3)n1)CNCC2,5000.0,intermediate
400,CHEMBL3747081,Cc1nc2ccccc2n1-c1nc2c(c(NCc3ccccc3)n1)CNCC2,5000.0,intermediate
401,CHEMBL3696895,COc1nc2ccccc2n1-c1nc2c(c(NCc3ccccc3)n1)CNCC2,3134.0,intermediate
402,CHEMBL3696915,Cc1cc2ccccc2n1-c1nc2c(c(NCc3ccccc3)n1)CCCC2,47.0,active
403,CHEMBL3696924,COc1cc2ccccc2n1-c1nc2c(c(NCc3ccccc3)n1)CCCC2,43.0,active
404,CHEMBL3696916,CCc1cc2ccccc2n1-c1nc2c(c(NCc3ccccc3)n1)CCCC2,445.0,active
405,CHEMBL3747138,FC(F)(F)c1cc2ccccc2n1-c1nc2c(c(NCc3ccccc3)n1)CCCC2,651.0,active
406,CHEMBL3696925,OCc1cc2ccccc2n1-c1nc2c(c(NCc3ccccc3)n1)CCCC2,68.0,active
407,CHEMBL3696926,COCc1cc2ccccc2n1-c1nc2c(c(NCc3ccccc3)n1)CCCC2,795.0,active
408,CHEMBL3696917,NCc1cc2ccccc2n1-c1nc2c(c(NCc3ccccc3)n1)CCCC2,153.0,active
409,CHEMBL3747075,Cc1[nH]c2ccccc2c1-c1nc2c(c(NCc3ccccc3)n1)CCCC2,149.0,active
410,CHEMBL3746833,Cc1nn2ccccc2c1-c1nc2c(c(NCc3ccccc3)n1)CCCC2,367.0,active
411,CHEMBL3746787,Cc1nc2ccccn2c1-c1nc2c(c(NCc3ccccc3)n1)CCCC2,248.0,active
412,CHEMBL3696896,Cc1cc2ccccc2n1-c1nc2c(c(NCc3ccccc3)n1)CNCC2,192.0,active
413,CHEMBL3747091,Cc1ccc2c(c1)cc(C)n2-c1nc2c(c(NCc3ccccc3)n1)CNCC2,5000.0,intermediate
414,CHEMBL3746469,COc1ccc2c(c1)cc(C)n2-c1nc2c(c(NCc3ccccc3)n1)CNCC2,5000.0,intermediate
415,CHEMBL3746827,Cc1cc2cc(C#N)ccc2n1-c1nc2c(c(NCc3ccccc3)n1)CNCC2,5000.0,intermediate
416,CHEMBL3747097,Cc1ccc2cc(C)n(-c3nc4c(c(NCc5ccccc5)n3)CNCC4)c2c1,3860.0,intermediate
417,CHEMBL3745859,COc1ccc2cc(C)n(-c3nc4c(c(NCc5ccccc5)n3)CNCC4)c2c1,5000.0,intermediate
418,CHEMBL3747552,Cc1cc2ccc(C#N)cc2n1-c1nc2c(c(NCc3ccccc3)n1)CNCC2,8908.0,intermediate
419,CHEMBL3747371,Cc1cccc2c1cc(C)n2-c1nc2c(c(NCc3ccccc3)n1)CNCC2,648.0,active
420,CHEMBL3747194,COc1cccc2c1cc(C)n2-c1nc2c(c(NCc3ccccc3)n1)CNCC2,2075.0,intermediate
421,CHEMBL3746000,Cc1cc2c(C#N)cccc2n1-c1nc2c(c(NCc3ccccc3)n1)CNCC2,144.0,active
422,CHEMBL3745805,Cc1cc2c(F)cccc2n1-c1nc2c(c(NCc3ccccc3)n1)CNCC2,342.0,active
423,CHEMBL3747140,Cc1cc2c(Cl)cccc2n1-c1nc2c(c(NCc3ccccc3)n1)CNCC2,632.0,active
424,CHEMBL3747600,Cc1cc2c(C(F)(F)F)cccc2n1-c1nc2c(c(NCc3ccccc3)n1)CNCC2,3912.0,intermediate
425,CHEMBL3746650,Cc1cc2c(C(=O)O)cccc2n1-c1nc2c(c(NCc3ccccc3)n1)CNCC2,95.0,active
426,CHEMBL3746179,Cc1cc2c(-c3nnn[nH]3)cccc2n1-c1nc2c(c(NCc3ccccc3)n1)CNCC2,15.0,active
427,CHEMBL3747647,Cc1cc2c(C(N)=O)cccc2n1-c1nc2c(c(NCc3ccccc3)n1)CNCC2,40.0,active
428,CHEMBL3747639,CNC(=O)c1cccc2c1cc(C)n2-c1nc2c(c(NCc3ccccc3)n1)CNCC2,215.0,active
429,CHEMBL3746879,Cc1cc2c(C(=O)N(C)C)cccc2n1-c1nc2c(c(NCc3ccccc3)n1)CNCC2,5000.0,intermediate
430,CHEMBL3746629,Cc1cc2c(C(=O)NC(C)C)cccc2n1-c1nc2c(c(NCc3ccccc3)n1)CNCC2,4832.0,intermediate
431,CHEMBL3747448,Cc1cc2c(C(N)=O)cccc2n1-c1nc2c(c(NCc3ccccc3)n1)CCCC2,6.0,active
432,CHEMBL3745888,Cc1cc2c(C(N)=O)cccc2n1-c1nc2c(c(NCc3ccccc3)n1)CCNC2,71.0,active
433,CHEMBL3747513,Cc1cc2c(C(N)=O)cccc2n1-c1nc2c(c(NCc3ccccc3)n1)COCC2,11.0,active
434,CHEMBL3747049,Cc1cc2c(C(N)=O)cccc2n1-c1nc2c(c(NCc3ccccc3)n1)CCOC2,23.0,active
435,CHEMBL3746912,COc1cccc2c(NCc3ccccc3)nc(-n3c(N)nc4ccccc43)nc12,6140.0,intermediate
436,CHEMBL3746353,COc1nc2ccccc2n1-c1nc2c(c(NCc3ccccc3)n1)CCCC2,4240.0,intermediate
437,CHEMBL3696896,Cc1cc2ccccc2n1-c1nc2c(c(NCc3ccccc3)n1)CNCC2,15320.0,inactive
438,CHEMBL3747647,Cc1cc2c(C(N)=O)cccc2n1-c1nc2c(c(NCc3ccccc3)n1)CNCC2,1790.0,intermediate
439,CHEMBL3747448,Cc1cc2c(C(N)=O)cccc2n1-c1nc2c(c(NCc3ccccc3)n1)CCCC2,500.0,active
440,CHEMBL3747513,Cc1cc2c(C(N)=O)cccc2n1-c1nc2c(c(NCc3ccccc3)n1)COCC2,680.0,active
441,CHEMBL3746912,COc1cccc2c(NCc3ccccc3)nc(-n3c(N)nc4ccccc43)nc12,6610.0,intermediate
442,CHEMBL3746353,COc1nc2ccccc2n1-c1nc2c(c(NCc3ccccc3)n1)CCCC2,9340.0,intermediate
443,CHEMBL3696896,Cc1cc2ccccc2n1-c1nc2c(c(NCc3ccccc3)n1)CNCC2,9150.0,intermediate
444,CHEMBL3747647,Cc1cc2c(C(N)=O)cccc2n1-c1nc2c(c(NCc3ccccc3)n1)CNCC2,2860.0,intermediate
445,CHEMBL3747448,Cc1cc2c(C(N)=O)cccc2n1-c1nc2c(c(NCc3ccccc3)n1)CCCC2,580.0,active
446,CHEMBL3747513,Cc1cc2c(C(N)=O)cccc2n1-c1nc2c(c(NCc3ccccc3)n1)COCC2,1030.0,intermediate
447,CHEMBL3746353,COc1nc2ccccc2n1-c1nc2c(c(NCc3ccccc3)n1)CCCC2,4840.0,intermediate
448,CHEMBL3747647,Cc1cc2c(C(N)=O)cccc2n1-c1nc2c(c(NCc3ccccc3)n1)CNCC2,2000.0,intermediate
449,CHEMBL3747448,Cc1cc2c(C(N)=O)cccc2n1-c1nc2c(c(NCc3ccccc3)n1)CCCC2,250.0,active
450,CHEMBL3747513,Cc1cc2c(C(N)=O)cccc2n1-c1nc2c(c(NCc3ccccc3)n1)COCC2,490.0,active
451,CHEMBL3220939,O=C(CCl)Nc1cccc(NC2=NS(=O)(=O)c3ccccc32)c1,370.0,active
452,CHEMBL3786710,CC(C)N1CCN(CCNC2CCN(c3cccc(-c4cc5cc(C(F)(F)F)ccc5[nH]4)c3)CC2)CC1,4700.0,intermediate
453,CHEMBL3787683,CC(C)N1CCN(CCNC2CCN(c3cccc(-c4cc5cc(S(F)(F)(F)(F)F)ccc5[nH]4)c3)CC2)CC1,21500.0,inactive
454,CHEMBL3787674,CC(C)N1CCN(CCNC2CCN(c3cccc(-c4cc5cc([N+](=O)[O-])ccc5[nH]4)c3)CC2)CC1,50.0,active
455,CHEMBL3785307,Cc1ccc2[nH]c(-c3cccc(N4CCC(NCCN5CCN(C(C)C)CC5)CC4)c3)cc2c1,240.0,active
456,CHEMBL3786444,COc1ccc2[nH]c(-c3cccc(N4CCC(NCCN5CCN(C(C)C)CC5)CC4)c3)cc2c1,710.0,active
457,CHEMBL3786894,CC(C)N1CCN(CCNC2CCN(c3cccc(-c4cc5cc(OC(F)(F)F)ccc5[nH]4)c3)CC2)CC1,3800.0,intermediate
458,CHEMBL3800252,C=C1OC(=O)C2(C1=O)[C@H](/C=C/C=C/CCC)C=C[C@@H](O)[C@@H]2O,31200.0,inactive
459,CHEMBL3800252,C=C1OC(=O)C2(C1=O)[C@H](/C=C/C=C/CCC)C=C[C@@H](O)[C@@H]2O,180000.0,inactive
460,CHEMBL3800252,C=C1OC(=O)C2(C1=O)[C@H](/C=C/C=C/CCC)C=C[C@@H](O)[C@@H]2O,26300.0,inactive
461,CHEMBL3696854,COc1cccc2c(NCc3ccccc3)nc(-n3c(C)nc(C)c3C)nc12,25000.0,inactive
462,CHEMBL3696855,CCC1=NC(C)=C(C)C1c1nc(NCc2ccccc2)c2cccc(OC)c2n1,25000.0,inactive
463,CHEMBL3696856,COc1cccc2c(NCc3ccccc3)nc(Cc3ccccc3)nc12,2000.0,intermediate
464,CHEMBL3696857,COc1cccc2c(NCc3ccccc3)nc(CCc3ccccc3)nc12,25000.0,inactive
465,CHEMBL3696858,COc1cccc2c(NCc3ccccc3)nc(CCC(C)C)nc12,10000.0,intermediate
466,CHEMBL3696859,COc1cccc2c(NCc3ccccc3)nc(N3CCOc4ccccc43)nc12,5000.0,intermediate
467,CHEMBL3696860,COc1cccc2c(NCc3ccccc3)nc(-n3c(N)nc4cccc(F)c43)nc12,10000.0,intermediate
468,CHEMBL3696861,COc1cccc2c(NCc3ccccc3)nc(-n3c(C)nc4ccccc43)nc12,2000.0,intermediate
469,CHEMBL3696862,COc1cccc2c(NCc3ccccc3)nc(-n3cnc4ccccc43)nc12,2000.0,intermediate
470,CHEMBL3696863,COc1cccc2c(NCc3ccccc3)nc(-n3c(OC)nc4ccccc43)nc12,2000.0,intermediate
471,CHEMBL3696864,COc1cccc2c(NCc3ccccc3)nc(Nc3ccccn3)nc12,10000.0,intermediate
472,CHEMBL3696865,COc1cccc2c(NCc3nccs3)nc(-n3c(N)nc4ccccc43)nc12,25000.0,inactive
473,CHEMBL3696866,NCCOc1cccc2c(NCc3ccccc3)nc(-n3c(N)nc4ccccc43)nc12,2000.0,intermediate
474,CHEMBL3696867,COCCOc1cccc2c(NCc3ccccc3)nc(-n3c(N)nc4ccccc43)nc12,2000.0,intermediate
475,CHEMBL3696868,NC(=O)COc1cccc2c(NCc3ccccc3)nc(-n3c(N)nc4ccccc43)nc12,2000.0,intermediate
476,CHEMBL3696869,COCc1cccc2c(NCc3ccccc3)nc(-n3c(N)nc4ccccc43)nc12,2000.0,intermediate
477,CHEMBL3696870,Cc1cc2ccccc2n1-c1nc(NCc2ccccc2)c2cccc(CN)c2n1,2000.0,intermediate
478,CHEMBL3696871,CN(C)Cc1cccc2c(NCc3ccccc3)nc(-n3c(N)nc4ccccc43)nc12,25000.0,inactive
479,CHEMBL3696872,Nc1nc2ccccc2n1C1S/C(=N\Cc2ccccc2)c2ccsc2S1,5000.0,intermediate
480,CHEMBL3696873,COc1nc2ccccc2n1-c1nc(NCc2ccccc2)c2ncsc2n1,2000.0,intermediate
481,CHEMBL3696874,Nc1nc2ccccc2n1-c1nc(NCc2ccccc2)c2nc[nH]c2n1,5000.0,intermediate
482,CHEMBL3696875,Nc1nc2ccccc2n1-c1nc2c(c(NCc3ccccc3)n1)CCC2,2000.0,intermediate
483,CHEMBL3696876,COCc1nc(-n2c(N)nc3ccccc32)nc(NCc2ccccc2)c1C,5000.0,intermediate
484,CHEMBL3696877,COc1cccc2c(NCc3ccccc3)nc(Nc3ncc[nH]3)nc12,10000.0,intermediate
485,CHEMBL3696878,CNc1nc2ccccc2n1-c1nc(NCc2ccccc2)c2cccc(OC)c2n1,2000.0,intermediate
486,CHEMBL3696879,COc1cccc2c(NCc3ccccc3)nc(-n3c(N(C)C)nc4ccccc43)nc12,2000.0,intermediate
487,CHEMBL3696880,COc1cccc2c(NCc3ccccc3)nc(-n3c(NC(C)=O)nc4ccccc43)nc12,5000.0,intermediate
488,CHEMBL3696881,COc1cccc2c(NCc3ccccc3)nc(-c3c(N)[nH]c4ccccc34)nc12,2000.0,intermediate
489,CHEMBL3696882,COc1cccc2c(NCc3ccccc3)nc(N3c4ccccc4CC3C)nc12,5000.0,intermediate
490,CHEMBL3696883,COc1cccc2c(NCc3ccccc3)nc(N(C(N)=O)c3ccccc3)nc12,5000.0,intermediate
491,CHEMBL3696884,COc1cccc2c(NCc3ccccc3)nc(N3C(=O)Cc4ccccc43)nc12,2000.0,intermediate
492,CHEMBL3696885,COc1cccc2c(NCc3ccco3)nc(-n3c(N)nc4ccccc43)nc12,5000.0,intermediate
493,CHEMBL3696886,COc1cccc2c(NCc3ccoc3)nc(-n3c(N)nc4ccccc43)nc12,5000.0,intermediate
494,CHEMBL3696887,COc1cccc2c(NCc3ccccc3)nc(-n3c(=O)[nH]c4ccccc43)nc12,2000.0,intermediate
495,CHEMBL3696888,COc1cccc2c(NCc3ccccc3)nc(-n3c(=O)n(C)c4ccccc43)nc12,5000.0,intermediate
496,CHEMBL3696889,COc1cccc2c(NCc3ccccc3)nc(-n3c(CN)nc4sccc43)nc12,2000.0,intermediate
497,CHEMBL3696890,COc1cccc2c(NCc3ccccc3)nc(-n3c(C)cc4ccccc43)nc12,2000.0,intermediate
498,CHEMBL3696891,COc1cccc2c(NCc3ccccc3)nc(C(C)c3ccccc3)nc12,10000.0,intermediate
499,CHEMBL3696892,COc1cccc2c(NCc3ccccc3)nc(C3NCc4ccccc43)nc12,5000.0,intermediate
500,CHEMBL3696893,COc1cccc2c(NCc3ccccc3)nc(C3CNc4ccccc43)nc12,2000.0,intermediate
501,CHEMBL3696894,COC1=Nc2ccccc2C1c1nc(NCc2ccc(F)cc2)c2cccc(OC)c2n1,2000.0,intermediate
502,CHEMBL3696895,COc1nc2ccccc2n1-c1nc2c(c(NCc3ccccc3)n1)CNCC2,2000.0,intermediate
503,CHEMBL3696896,Cc1cc2ccccc2n1-c1nc2c(c(NCc3ccccc3)n1)CNCC2,2000.0,intermediate
504,CHEMBL3696897,Cc1cc2ccccc2n1-c1nc2c(c(NCc3ccccc3)n1)CCNC2,2000.0,intermediate
505,CHEMBL3696898,COc1nc2ccccc2n1-c1nc(NCc2ccccc2)c2c(n1)C(=O)NCC2,5000.0,intermediate
506,CHEMBL3696899,Cc1cc2ccccc2n1-c1nc2c(c(NCc3ccccc3)n1)CNC2,2000.0,intermediate
507,CHEMBL3696900,COc1cccc2c(NCc3ccccc3)nc(C3c4ccccc4CN3C)nc12,10000.0,intermediate
508,CHEMBL3696901,CCc1cc2ccccc2n1-c1nc(NCc2ccccc2)c2cccc(OC)c2n1,2000.0,intermediate
509,CHEMBL3696902,COc1cccc2c(NCc3ccccc3)nc(-n3c(OC)cc4ccccc43)nc12,2000.0,intermediate
510,CHEMBL3696903,COc1cccc2c(NCc3ccccc3)nc(-n3c(CN)cc4ccccc43)nc12,2000.0,intermediate
511,CHEMBL3696904,COc1cccc2c(NCc3ccccc3)nc(-n3ccc4ccccc43)nc12,2000.0,intermediate
512,CHEMBL3696905,COc1cccc2c(NCc3ccccc3)nc(-n3cc(C)c4ccccc43)nc12,10000.0,intermediate
513,CHEMBL3696906,COc1cccc2c(NCc3ccccc3)nc(-c3c(C)oc4ccccc34)nc12,2000.0,intermediate
514,CHEMBL3696907,Cc1cc2ccccc2n1-c1nc(NCc2ccccc2)c2cccc(C(N)=O)c2n1,2000.0,intermediate
515,CHEMBL3696908,Cc1cc2ccccc2n1-c1nc2c(c(NCc3ccccc3)n1)COC2,2000.0,intermediate
516,CHEMBL3696909,Cc1cc2ccccc2n1-c1nc(NCc2ccccc2)c2cccc(C#N)c2n1,2000.0,intermediate
517,CHEMBL3696910,Cc1cc2ccccc2n1-c1nc2c(c(NCc3ccccc3)n1)CCN(C(=O)OC(C)(C)C)C2,2000.0,intermediate
518,CHEMBL3696911,CC(=O)N1Cc2nc(-n3c(C)cc4ccccc43)nc(NCc3ccccc3)c2C1,2000.0,intermediate
519,CHEMBL3696912,CC(=O)N1CCc2nc(-n3c(C)cc4ccccc43)nc(NCc3ccccc3)c2C1,2000.0,intermediate
520,CHEMBL3696913,CC(=O)N1CCc2c(nc(C3C(C)=Cc4ccccc43)nc2NCc2ccccc2)C1,2000.0,intermediate
521,CHEMBL3696914,COc1cc2ccccc2n1-c1nc(NCc2ccccc2)c2c(n1)C(=O)N(C(=O)OC(C)(C)C)CC2,2000.0,intermediate
522,CHEMBL3696915,Cc1cc2ccccc2n1-c1nc2c(c(NCc3ccccc3)n1)CCCC2,2000.0,intermediate
523,CHEMBL3696916,CCc1cc2ccccc2n1-c1nc2c(c(NCc3ccccc3)n1)CCCC2,5000.0,intermediate
524,CHEMBL3696917,NCc1cc2ccccc2n1-c1nc2c(c(NCc3ccccc3)n1)CCCC2,2000.0,intermediate
525,CHEMBL3696918,CC(N)c1cc2ccccc2n1-c1nc2c(c(NCc3ccccc3)n1)CCCC2,2000.0,intermediate
526,CHEMBL3696919,COCCOc1cccc2c(NCc3ccccc3)nc(C3C(ON)=Nc4ccccc43)nc12,2000.0,intermediate
527,CHEMBL3696920,COCCOc1cccc2c(NCc3ccccc3)nc(-n3c(OC)nc4ccccc43)nc12,2000.0,intermediate
528,CHEMBL3696921,COc1cccc2c(NCc3ccccc3)nc(-n3c(CNC(C)=O)cc4ccccc43)nc12,2000.0,intermediate
529,CHEMBL3696922,C=CC(=O)NCc1cc2ccccc2n1-c1nc(NCc2ccccc2)c2cccc(OC)c2n1,2000.0,intermediate
530,CHEMBL3696923,CCc1nc2ccccc2n1-c1nc(NCc2ccccc2)c2cccc(OC)c2n1,2000.0,intermediate
531,CHEMBL3696924,COc1cc2ccccc2n1-c1nc2c(c(NCc3ccccc3)n1)CCCC2,2000.0,intermediate
532,CHEMBL3696925,OCc1cc2ccccc2n1-c1nc2c(c(NCc3ccccc3)n1)CCCC2,2000.0,intermediate
533,CHEMBL3696926,COCc1cc2ccccc2n1-c1nc2c(c(NCc3ccccc3)n1)CCCC2,2000.0,intermediate
534,CHEMBL3696927,CN(C)Cc1cc2ccccc2n1-c1nc2c(c(NCc3ccccc3)n1)CCCC2,2000.0,intermediate
535,CHEMBL3696928,CC(=O)NCc1cc2ccccc2n1-c1nc2c(c(NCc3ccccc3)n1)CCCC2,2000.0,intermediate
536,CHEMBL3696929,NC(=O)NCc1cc2ccccc2n1-c1nc2c(c(NCc3ccccc3)n1)CCCC2,2000.0,intermediate
537,CHEMBL3696930,COC(=O)NCc1cc2ccccc2n1-c1nc2c(c(NCc3ccccc3)n1)CCCC2,2000.0,intermediate
538,CHEMBL3696931,CS(=O)(=O)NCc1cc2ccccc2n1-c1nc2c(c(NCc3ccccc3)n1)CCCC2,2000.0,intermediate
539,CHEMBL3696917,NCc1cc2ccccc2n1-c1nc2c(c(NCc3ccccc3)n1)CCCC2,2000.0,intermediate
540,CHEMBL3639957,CC(=O)C1CCc2c(nc(-n3c(CN)cc4ccccc43)nc2NCc2ccccc2)C1,2000.0,intermediate
541,CHEMBL3696932,CCN1CCc2c(nc(-n3c(CN)cc4ccccc43)nc2NCc2ccccc2)C1,2000.0,intermediate
542,CHEMBL3696933,COC(=O)N1CCc2c(nc(-n3c(CN)cc4ccccc43)nc2NCc2ccccc2)C1,2000.0,intermediate
543,CHEMBL3696934,NCc1cc2ccccc2n1-c1cc(NCc2ccccc2)c2c(n1)CN(C(N)=O)CC2,2000.0,intermediate
544,CHEMBL3696935,CS(=O)(=O)N1CCc2c(nc(-n3c(CN)cc4ccccc43)nc2NCc2ccccc2)C1,2000.0,intermediate
545,CHEMBL3696936,CNCCN1CCc2c(nc(-n3c(CN)cc4ccccc43)nc2NCc2ccccc2)C1,10000.0,intermediate
546,CHEMBL3696937,CNCC(=O)N1CCc2c(nc(-n3c(CN)cc4ccccc43)nc2NCc2ccccc2)C1,10000.0,intermediate
547,CHEMBL3696938,COc1cccc2c(NCc3ccccc3)nc(-n3c(/C=C/C#N)cc4ccccc43)nc12,2000.0,intermediate
548,CHEMBL3696939,COc1cccc2c(NCc3ccccc3)nc(-n3c(/C=C(/C#N)C(N)=O)cc4ccccc43)nc12,2000.0,intermediate
549,CHEMBL3696940,COc1cccc2c(NCc3ccccc3)nc(-n3c(/C=C/S(C)(=O)=O)cc4ccccc43)nc12,2000.0,intermediate
550,CHEMBL494655,CC(C)=C[C@@H]1C[C@H](C)c2c(O)cc(C)c3c2C1=C(C)C(=O)C3=O,100000.0,inactive
551,CHEMBL4099907,C=C1CC[C@@](C)(c2cc(Br)c(C)cc2O)[C@H]1C,100000.0,inactive
552,CHEMBL4277404,CC(C)N1CCN(C2(CNC3CCN(c4cccc(-c5cc6cc(F)ccc6[nH]5)c4)CC3)COC2)CC1,90.0,active
553,CHEMBL4291440,CC(C)N1CCN(C2(CNC3CCN(c4cccc(-c5cc6cc(F)ccc6[nH]5)c4)CC3)CCC2)CC1,100.0,active
554,CHEMBL4280801,CN1CCN(C2(CNC3CCN(c4cccc(-c5cc6cc(F)ccc6[nH]5)c4)CC3)CCC2)CC1,20.0,active
555,CHEMBL4281249,CC(C)N1CC2CN(c3cccc(-c4cc5cc(F)ccc5[nH]4)c3)CC2C1,19000.0,inactive
556,CHEMBL4289124,CC(C)N1CCN(C2CCN(c3cccc(-c4cc5cc(F)ccc5[nH]4)c3)CC2)CC1,4760.0,intermediate
557,CHEMBL4284654,CC(C)N1CCC2(CCN(c3cccc(-c4cc5cc(F)ccc5[nH]4)c3)CC2)CC1,1130.0,intermediate
558,CHEMBL4292540,CC(C)N1CCC(N[C@H]2CC[C@@H](c3cccc(-c4cc5cc(F)ccc5[nH]4)c3)CC2)CC1,4260.0,intermediate
559,CHEMBL4278176,CC(C)N1CCC(N[C@H]2CC[C@H](c3cccc(-c4cc5cc(F)ccc5[nH]4)c3)CC2)CC1,180.0,active
560,CHEMBL4288865,CC(C)N1CCC(NC2CCN(c3cccc(-c4cc5cc(F)ccc5[nH]4)c3)CC2)CC1,50.0,active
561,CHEMBL4276697,CC(C)N1CCN(C(=O)CCNC2CCN(c3cccc(-c4cc5cc(F)ccc5[nH]4)c3)CC2)CC1,190.0,active
562,CHEMBL4287346,CN(C)CCNC1CCN(c2cccc(-c3cc4cc(F)ccc4[nH]3)c2)CC1,800.0,active
563,CHEMBL4280125,CC(C)N1CCN(CCNC2CCN(c3cccc(-c4cc5cc(F)ccc5[nH]4)c3)CC2)CC1,70.0,active
564,CHEMBL4290763,CC(C)N1CCN(CCCNC2CCN(c3cccc(-c4cc5ccccc5[nH]4)c3)CC2)CC1,380.0,active
565,CHEMBL4288427,CC(C)(C)N1CCN(CCNC2CCN(c3cccc(-c4cc5ccccc5[nH]4)c3)CC2)CC1,210.0,active
566,CHEMBL4280546,CC(C)N1CCN(CCNC2CCN(c3cccc(-c4cc5ccccc5[nH]4)c3)CC2)CC1,160.0,active
567,CHEMBL4276767,Cn1ncnc1CCNC1CCN(c2cccc(-c3cc4ccccc4[nH]3)c2)CC1,990.0,active
568,CHEMBL4276767,Cn1ncnc1CCNC1CCN(c2cccc(-c3cc4ccccc4[nH]3)c2)CC1,2400.0,intermediate
569,CHEMBL4288109,c1ccc(CCNC2CCN(c3cccc(-c4cc5ccccc5[nH]4)c3)CC2)cc1,2610.0,intermediate
570,CHEMBL4280200,c1ccc(CCNC2CCN(c3cccc(-c4cc5ccccc5[nH]4)c3)CC2)nc1,1050.0,intermediate
571,CHEMBL4282777,c1ccc(CNC2CCN(c3cccc(-c4cc5ccccc5[nH]4)c3)CC2)nc1,1060.0,intermediate
572,CHEMBL4293387,c1cc(-c2cc3ccccc3[nH]2)cc(N2CCC(NCCN3CCNCC3)CC2)c1,330.0,active
573,CHEMBL4283987,CN1CCN(CCNC2CCN(c3cccc(-c4cc5ccccc5[nH]4)c3)CC2)CC1,280.0,active
574,CHEMBL4291849,CCN1CCN(CCNC2CCN(c3cccc(-c4cc5ccccc5[nH]4)c3)CC2)CC1,200.0,active
575,CHEMBL4573319,Cc1cc2c(NS(=O)(=O)C(F)(F)F)cccc2n1-c1nc2c(c(NCc3ccccc3)n1)COCC2,100.9,active
576,CHEMBL4451017,Cc1cc2c(NS(=O)(=O)C3CC3)cccc2n1-c1nc2c(c(NCc3ccccc3)n1)COCC2,34.6,active
577,CHEMBL4461462,Cc1cc2c(NS(=O)(=O)c3ccccc3)cccc2n1-c1nc2c(c(NCc3ccccc3)n1)COCC2,134.9,active
578,CHEMBL4461505,Cc1cc2c(NS(C)(=O)=O)cccc2n1-c1nc2c(c(NCc3ccccc3)n1)COCC2,36.4,active
579,CHEMBL4574654,C=CC(=O)Nc1cccc2c1cc(C)n2-c1nc2c(c(NCc3ccncc3)n1)COCC2,5104.5,intermediate
580,CHEMBL4555198,Cc1cc2c(NC(=O)CN3CCCC3)cccc2n1-c1nc2c(c(NCc3ccccc3)n1)COCC2,448.7,active
581,CHEMBL4473427,Cc1cc2c(NC(=O)/C=C/CN(C)C)cccc2n1-c1nc2c(c(NCc3ccccc3)n1)COCC2,387.1,active
582,CHEMBL4584967,Cc1cc2c(NC(=O)/C=C/c3ccccc3)cccc2n1-c1nc2c(c(NCc3ccccc3)n1)COCC2,447.2,active
583,CHEMBL4453010,C=CC(=O)Nc1cccc2c1cc(C)n2-c1nc2c(c(NCc3ccccc3)n1)COCC2,58.3,active
584,CHEMBL4576017,Cc1cc2c(NC(=O)CCl)cccc2n1-c1nc2c(c(NCc3ccccc3)n1)COCC2,308.1,active
585,CHEMBL4530376,CC(=O)Nc1cccc2c1cc(C)n2-c1nc2c(c(NCc3ccccc3)n1)COCC2,129.4,active
586,CHEMBL3747513,Cc1cc2c(C(N)=O)cccc2n1-c1nc2c(c(NCc3ccccc3)n1)COCC2,27.0,active
587,CHEMBL4581661,Cc1cc2c(C(N)=O)cccc2n1-c1nccc(NCc2ccccc2)n1,160.9,active
588,CHEMBL4439188,Cc1cc2c(C(N)=O)cccc2n1-c1nc2c(c(NCc3ccccc3)n1)CCCCCC2,119.7,active
589,CHEMBL4455739,Cc1cc2c(C(N)=O)cccc2n1-c1nc2c(c(NCc3ccccc3)n1)CCCCC2,82.8,active
590,CHEMBL4445574,CC(=O)Nc1cccc2c1ccn2-c1nc2c(c(NCc3ccccc3)n1)COCC2,922.1,active
591,CHEMBL4468726,Cc1cc2c(C(N)=S)cccc2n1-c1nc2c(c(NCc3ccccc3)n1)COCC2,192.6,active
592,CHEMBL4280125,CC(C)N1CCN(CCNC2CCN(c3cccc(-c4cc5cc(F)ccc5[nH]4)c3)CC2)CC1,20.0,active
593,CHEMBL4549090,CC(C)N1CCN(CCNC2CCN(c3cccc(-c4cc5cc(C(=O)N(C)C)ccc5[nH]4)c3)CC2)CC1,31400.0,inactive
594,CHEMBL3786710,CC(C)N1CCN(CCNC2CCN(c3cccc(-c4cc5cc(C(F)(F)F)ccc5[nH]4)c3)CC2)CC1,4600.0,intermediate
595,CHEMBL3785307,Cc1ccc2[nH]c(-c3cccc(N4CCC(NCCN5CCN(C(C)C)CC5)CC4)c3)cc2c1,240.0,active
596,CHEMBL4445673,CC(C)N1CCN(CCNC2CCN(c3cccc(-c4cc5cc(C#N)ccc5[nH]4)c3)CC2)CC1,44.0,active
597,CHEMBL4450581,Cc1cc(OCc2nnc(SC3CCCC3)n2-c2cccnc2)ccc1C#CCNC(C)C,7.0,active
598,CHEMBL4476693,[2H]C1([2H])C([2H])([2H])C([2H])([2H])C([2H])(Sc2ncc(COc3cc(F)c(C#CCOC(=O)NC4CCN(C)CC4)cc3F)n2-c2cccnc2)C1([2H])[2H],8.0,active
599,CHEMBL3746912,COc1cccc2c(NCc3ccccc3)nc(-n3c(N)nc4ccccc43)nc12,110.0,active
600,CHEMBL1613563,COc1ccc(C(=O)c2oc3ccccc3c2NC(C)=O)cc1,100000.0,inactive
601,CHEMBL104,Clc1ccccc1C(c1ccccc1)(c1ccccc1)n1ccnc1,1400.0,intermediate
602,CHEMBL4458150,[N-]=[N+]=Nc1cccc(-n2c(COc3ccc(CCCO)cc3)nnc2SC2CCCC2)c1,1100.0,intermediate
603,CHEMBL4576291,[N-]=[N+]=Nc1cccc(OCc2nnc(SC3CCCC3)n2-c2cccnc2)c1,760.0,active
604,CHEMBL104,Clc1ccccc1C(c1ccccc1)(c1ccccc1)n1ccnc1,12000.0,inactive
605,CHEMBL4078658,C[C@H]1CCC/C=C/C(=O)c2c(O)c(Cl)c(O)c(Cl)c2CC(=O)O1,7900.0,intermediate
606,CHEMBL2047407,CC(=O)OCC1=C(C)C[C@H]([C@@H](C)[C@H]2CC[C@H]3[C@@H]4C[C@H]5O[C@]56[C@@H](O)C=CC(=O)[C@]6(C)[C@H]4CC[C@@]32C)OC1=O,22000.0,inactive
607,CHEMBL4078658,C[C@H]1CCC/C=C/C(=O)c2c(O)c(Cl)c(O)c(Cl)c2CC(=O)O1,15300.0,inactive
608,CHEMBL3220939,O=C(CCl)Nc1cccc(NC2=NS(=O)(=O)c3ccccc32)c1,370.0,active
609,CHEMBL4572843,Fc1ccc(C(CCCNCC2CCc3[nH]c4ccc(F)cc4c3C2)c2ccc(F)cc2)cc1,7200.0,intermediate
